{"cameraMode":{"drawMode":0,"name":"Shaded","section":"Shading Mode"},"sceneLighting":true,"audioPlay":false,"sceneViewState":{"m_AlwaysRefresh":false,"showFog":true,"showSkybox":true,"showFlares":true,"showImageEffects":true,"showParticleSystems":true,"showVisualEffectGraphs":true,"m_FxEnabled":true},"in2DMode":false,"pivot":{"x":75.17992401123047,"y":-16.344144821166993,"z":12.851410865783692},"rotation":{"x":0.09379767626523972,"y":0.6663466691970825,"z":-0.08497653156518936,"w":0.7349100112915039},"size":39.185325622558597,"orthographic":false}