{"cameraMode":{"drawMode":0,"name":"Shaded","section":"Shading Mode"},"sceneLighting":true,"audioPlay":false,"sceneViewState":{"m_AlwaysRefresh":false,"showFog":true,"showSkybox":true,"showFlares":true,"showImageEffects":true,"showParticleSystems":true,"showVisualEffectGraphs":true,"m_FxEnabled":true},"in2DMode":false,"pivot":{"x":0.7050503492355347,"y":3.1441216468811037,"z":-1.2167588472366334},"rotation":{"x":0.15701188147068025,"y":0.4241432547569275,"z":-0.07503888010978699,"w":0.8888213634490967},"size":1.345078945159912,"orthographic":false}