{"cameraMode":{"drawMode":0,"name":"Shaded","section":"Shading Mode"},"sceneLighting":true,"audioPlay":false,"sceneViewState":{"m_AlwaysRefresh":false,"showFog":true,"showSkybox":true,"showFlares":true,"showImageEffects":true,"showParticleSystems":true,"showVisualEffectGraphs":true,"m_FxEnabled":true},"in2DMode":false,"pivot":{"x":-53.48392868041992,"y":0.5345249772071838,"z":11.571359634399414},"rotation":{"x":-0.012891733087599278,"y":0.6694099307060242,"z":-0.011682354845106602,"w":-0.7428157925605774},"size":25.248184204101564,"orthographic":false}