{"cameraMode":{"drawMode":0,"name":"Shaded","section":"Shading Mode"},"sceneLighting":false,"audioPlay":false,"sceneViewState":{"m_AlwaysRefresh":false,"showFog":true,"showSkybox":false,"showFlares":true,"showImageEffects":true,"showParticleSystems":true,"showVisualEffectGraphs":true,"m_FxEnabled":true},"in2DMode":false,"pivot":{"x":0.12200655043125153,"y":0.7581015825271606,"z":-0.000014409422874450684},"rotation":{"x":-0.15321989357471467,"y":-0.6715216636657715,"z":0.144805908203125,"w":-0.7104743123054504},"size":1.037148356437683,"orthographic":false}