{"cameraMode":{"drawMode":0,"name":"Shaded","section":"Shading Mode"},"sceneLighting":false,"audioPlay":false,"sceneViewState":{"m_AlwaysRefresh":false,"showFog":true,"showSkybox":false,"showFlares":true,"showImageEffects":true,"showParticleSystems":true,"showVisualEffectGraphs":true,"m_FxEnabled":true},"in2DMode":false,"pivot":{"x":-2.384185791015625e-7,"y":0.6548824310302734,"z":-0.06707358360290528},"rotation":{"x":-0.13163462281227113,"y":-0.6990368366241455,"z":0.13324257731437684,"w":-0.6902428865432739},"size":2.4131076335906984,"orthographic":false}